,Released,Critics,Perspective,Gameplay,Interface,Setting,ESRB Rating,Multiplayer Options
0,"October 27, 2017
        
        on
        
          Nintendo Switch","96%
        (165)",Behind view,Platform,Direct control,Fantasy,Everyone 10+,Same/Split-Screen
1,"March 3, 2017
        
        on
        
          Wii U","96%
        (112)",Behind view,Puzzle elementsRPG elementsSandbox / open world,Direct controlMotion control,FantasyPost-apocalypticSci-fi / futuristic,Everyone 10+,
2,"May 12, 2023
        
        on
        
          Nintendo Switch","95%
        (142)",Behind view,Puzzle elementsRPG elementsSandbox / open world,Direct control,Fantasy,Everyone 10+,
3,"February 8, 2023
        
        on
        
          Nintendo Switch","94%
        (123)",1st-person,Metroidvania,Direct control,Sci-fi / futuristic,Teen,
4,"February 24, 2017
        
        on
        
          Windows","93%
        (37)",Side view,MetroidvaniaPlatform,Direct control,Fantasy,,
5,"April 28, 2017
        
        on
        
          Nintendo Switch","93%
        (38)",Behind view,Arcade,Direct controlMotion control,Fantasy,Everyone,Internet
6,"January 25, 2018
        
        on
        
          Windows","91%
        (63)",Side view,Platform,Direct control,Fantasy,,
7,"October 20, 2023
        
        on
        
          Nintendo Switch","90%
        (64)",Side view,Platform,Direct control,Fantasy,Everyone,
8,"October 21, 2022
        
        on
        
          Windows","95%
        (18)",Behind view,Japanese-style RPG (JRPG),Direct controlMenu structures,AsiaContemporaryFantasy,,
9,"December 6, 2018
        
        on
        
          Windows","94%
        (53)",Diagonal-down,Action RPGHack and slashRoguelike,Direct control,Classical antiquityFantasy,,
10,"December 7, 2018
        
        on
        
          Nintendo Switch","93%
        (37)",Side view,Fighting,,,Everyone 10+,"Internet, 
              Same/Split-Screen"
11,"July 29, 2022
        
        on
        
          Nintendo Switch","91%
        (26)",3rd-person (Other),Action RPGJapanese-style RPG (JRPG)Sandbox / open world,,Fantasy,Teen,
12,"September 24, 2014
        
        on
        
          Wii U","92%
        (93)",Behind view,Hack and slash,Direct control,Fantasy,Mature,Internet
13,"October 8, 2021
        
        on
        
          Nintendo Switch","90%
        (47)",Side view,MetroidvaniaPlatformShooter,Direct control,Sci-fi / futuristic,Teen,
14,"May 23, 2024
        
        on
        
          Nintendo Switch","88%
        (115)",Behind viewSide view,Japanese-style RPG (JRPG),Direct control,Fantasy,Everyone,
15,"June 29, 2016
        
        on
        
          Xbox One","90%
        (113)",Side view,PlatformPuzzle elementsStealth,Direct control,,,
16,"November 9, 2018
        
        on
        
          PlayStation 4","92%
        (33)",Side view,Falling block puzzle,Direct control,,,
17,"2021
        
        on
        
          Nintendo Switch","88%
        (42)",3rd-person (Other),Platform,Direct control,,Everyone,"Internet, 
              Same/Split-Screen"
18,"September 27, 2019
        
        on
        
          Nintendo Switch","92%
        (17)",3rd-person (Other),Action RPGSandbox / open world,Direct control,Fantasy,,
19,"2019
        
        on
        
          PS Vita","92%
        (14)",1st-person,Visual novel,,,,
20,"May 16, 2024
        
        on
        
          Windows","88%
        (66)",1st-person3rd-person (Other),,Direct controlPoint and select,Europe,,
21,"December 8, 2022
        
        on
        
          Windows","90%
        (47)",Diagonal-down,Japanese-style RPG (JRPG),Direct control,Fantasy,,
22,"February 16, 2023
        
        on
        
          PlayStation 4","87%
        (92)",Side view,Music / rhythm,Direct control,FantasySci-fi / futuristic,Teen,
23,"June 28, 2019
        
        on
        
          Nintendo Switch","90%
        (30)",Side view,Platform,Direct controlPoint and select,,Everyone,"Internet, 
              Same/Split-Screen"
24,"October 20, 2022
        
        on
        
          Nintendo Switch","86%
        (126)",Diagonal-down,Tactical RPG,Point and select,Fantasy,Everyone 10+,
25,"September 15, 2015
        
        on
        
          Windows","91%
        (54)",Diagonal-down,Japanese-style RPG (JRPG),Menu structures,Fantasy,,
26,"November 28, 2019
        
        on
        
          PlayStation 4","88%
        (28)",Diagonal-downSide view,Graphic adventurePuzzle elementsRPG elements,Direct controlPoint and select,FantasyJapan (Ancient/Classical/Medieval)Japan (Modern/Futuristic)Post-apocalypticSci-fi / futuristic,Teen,
27,"March 25, 2022
        
        on
        
          Nintendo Switch","88%
        (43)",3rd-person (Other)Diagonal-down,Platform,Direct control,Fantasy,Everyone 10+,Hot Seat
28,"March 26, 2021
        
        on
        
          Nintendo Switch","88%
        (40)",Behind view,Action RPG,Direct control,Fantasy,Teen,Internet
29,"June 14, 2012
        
        on
        
          PS Vita","93%
        (48)",3rd-person (Other),,,Fantasy,Mature,
30,"May 11, 2017
        
        on
        
          Nintendo Switch","88%
        (23)",1st-person3rd-person (Other),Sandbox / open world,,Fantasy,Everyone 10+,Internet
31,"February 20, 2024
        
        on
        
          Windows","92%
        (60)",1st-personTop-down,Cards / tilesRoguelike,Point and select,,,
32,"August 26, 2021
        
        on
        
          PlayStation 4","92%
        (20)",1st-person,Visual novel,Menu structures,ContemporaryFantasy,Mature,
33,"November 11, 2021
        
        on
        
          Nintendo Switch","88%
        (27)",3rd-person (Other)Behind view,,Direct control,FantasyJapan (Modern/Futuristic)Post-apocalyptic,,
34,"November 2022
        
        on
        
          Atari VCS","87%
        (54)",,Arcade,Direct controlPoint and select,,,
35,"May 9, 2024
        
        on
        
          Windows","90%
        (40)",Side view,MetroidvaniaPlatform,Direct control,Fantasy,,
36,"June 27, 2017
        
        on
        
          PlayStation 4","88%
        (20)",Diagonal-down,Action RPGHack and slash,Point and select,Fantasy,,
37,"February 26, 2016
        
        on
        
          Windows","91%
        (30)",Diagonal-down,City building / construction simulation,Direct control,,Everyone 10+,"Internet, 
              LAN"
38,"May 29, 2020
        
        on
        
          Nintendo Switch","91%
        (13)",3rd-person (Other),Action RPGJapanese-style RPG (JRPG)Sandbox / open world,Direct control,Fantasy,Teen,
39,"March 20, 2020
        
        on
        
          Nintendo Switch","89%
        (27)",Diagonal-down,Life / social simulation,Direct control,,Everyone,"Internet, 
              Same/Split-Screen"
40,"August 30, 2018
        
        on
        
          Windows","86%
        (35)",Side view,PlatformPuzzle elements,Direct control,AsiaFantasy,,
41,"September 17, 2019
        
        on
        
          Windows","84%
        (62)",1st-person,Japanese-style adventurePuzzle elementsQuick Time Events (QTEs),Point and select,Japan (Modern/Futuristic)Sci-fi / futuristic,,
42,"September 20, 2019
        
        on
        
          Nintendo Switch","88%
        (28)",Diagonal-downSide view,MetroidvaniaPuzzle elementsRPG elements,Direct control,Fantasy,Everyone,
43,"September 19, 2022
        
        on
        
          Windows","87%
        (70)",3rd-person (Other),Graphic adventurePuzzle elements,Point and select,FantasySea pirates / Caribbean,,
44,"July 7, 2015
        
        on
        
          Windows","86%
        (33)",Behind view,,Direct control,Sci-fi / futuristic,,"Internet, 
              Same/Split-Screen"
45,"October 28, 2016
        
        on
        
          Windows","87%
        (23)",1st-personBehind view,Action RPGSandbox / open world,Direct control,Fantasy,,
46,"December 4, 2018
        
        on
        
          PlayStation 4","87%
        (31)",Side view,MetroidvaniaPlatformRPG elements,Direct control,Fantasy,,
47,"February 21, 2014
        
        on
        
          Wii U","85%
        (91)",Side view,Platform,,,Everyone,
48,"August 27, 2024
        
        on
        
          Windows","91%
        (31)",Side view,MetroidvaniaPlatform,,EuropeFantasy,,
49,"March 2016
        
        on
        
          Xbox One","92%
        (10)",Side view,MetroidvaniaPlatformPuzzle elements,,Fantasy,Everyone,
50,"August 8, 2018
        
        on
        
          Windows","89%
        (28)",3rd-person (Other),Graphic adventure,Point and select,FantasyNorth America,,
51,"November 11, 2022
        
        on
        
          Windows","86%
        (65)",Diagonal-down,Tactical RPG,Point and select,Fantasy,,
52,"March 18, 2021
        
        on
        
          Nintendo Switch","88%
        (19)",,Music / rhythmVisual novel,Point and select,Japan (Modern/Futuristic),,
53,"July 27, 2021
        
        on
        
          PlayStation 4","88%
        (24)",3rd-person (Other)Diagonal-down,Action RPG,Direct control,Fantasy,Teen,
54,"November 6, 2014
        
        on
        
          Nintendo 3DS","88%
        (10)",Side view,Platform,,,,
55,"July 21, 2023
        
        on
        
          Nintendo Switch","86%
        (37)",3rd-person (Other),,Direct controlMultiple units/characters control,ContemporaryFantasySci-fi / futuristic,Everyone 10+,Same/Split-Screen
56,"July 17, 2018
        
        on
        
          PlayStation 4","88%
        (16)",,,,,,
57,"2020
        
        on
        
          Xbox Cloud Gaming","86%
        (52)",Side view,Beat 'em up / brawler,Direct control,,,
58,"January 18, 2023
        
        on
        
          Xbox One","85%
        (64)",Side view,Puzzle elementsVisual novel,Direct controlPoint and select,AsiaFantasy,,
59,"April 5, 2019
        
        on
        
          Windows","88%
        (29)",Diagonal-down,PlatformPuzzle elements,Direct control,Fantasy,,
60,"September 26, 2024
        
        on
        
          Nintendo Switch","85%
        (43)",Diagonal-down,Puzzle elementsRPG elementsSandbox / open world,Direct control,Fantasy,Everyone 10+,
61,"October 30, 2020
        
        on
        
          Nintendo Switch","85%
        (38)",3rd-person (Other),,Direct controlMultiple units/characters control,ContemporaryFantasySci-fi / futuristic,Everyone 10+,"Internet, 
              Same/Split-Screen"
62,"March 31, 2015
        
        on
        
          PlayStation 4","87%
        (38)",Side view,MetroidvaniaPlatformPuzzle elementsShooter,,Sci-fi / futuristic,Everyone 10+,
63,"June 20, 2017
        
        on
        
          Nintendo Switch","88%
        (10)",Side view,MetroidvaniaPlatformPuzzle elementsShooter,,Fantasy,Everyone 10+,
64,"January 18, 2022
        
        on
        
          Windows","81%
        (74)",Diagonal-down,Action RPGHack and slash,Direct control,Fantasy,,
65,"April 27, 2022
        
        on
        
          Windows","90%
        (14)",1st-person,,Direct control,Contemporary,,
66,"October 31, 2019
        
        on
        
          Nintendo Switch","88%
        (22)",Behind viewSide view,Puzzle elements,Direct control,,Everyone,"Internet, 
              Same/Split-Screen"
67,"June 16, 2022
        
        on
        
          Windows","89%
        (53)",1st-person,PlatformShooter,Direct control,Fantasy,,
68,"September 9, 2022
        
        on
        
          Nintendo Switch","86%
        (26)",Behind view,Shooter,Direct control,Fantasy,Everyone 10+,
69,"September 6, 2024
        
        on
        
          Windows","84%
        (71)",1st-person,Puzzle elements,Menu structures,,,
70,"November 17, 2023
        
        on
        
          Nintendo Switch","84%
        (54)",Diagonal-down,Japanese-style RPG (JRPG),Direct control,Fantasy,Everyone,
71,"March 17, 2017
        
        on
        
          Nintendo Switch","86%
        (13)",Diagonal-down,RoguelikeShooter,,,Mature,Internet
72,"July 26, 2019
        
        on
        
          Nintendo Switch","88%
        (23)",1st-person3rd-person (Other)Diagonal-down,Japanese-style RPG (JRPG)Puzzle elementsTurn-based strategy (TBS),Direct controlPoint and select,Fantasy,Teen,
73,"August 29, 2017
        
        on
        
          Nintendo Switch","85%
        (37)",Diagonal-down,Tactical RPG,Point and select,Fantasy,Everyone 10+,Same/Split-Screen
74,"June 16, 2022
        
        on
        
          Windows","86%
        (44)",Side view,Beat 'em up / brawler,Direct control,FantasyNorth America,,
75,"April 20, 2006
        
        on
        
          PlayStation 2","92%
        (152)",Behind view,MetroidvaniaPuzzle elements,Direct control,FantasyJapan (Ancient/Classical/Medieval),Teen,
76,"August 29, 2023
        
        on
        
          Windows","89%
        (67)",Top-down,Japanese-style RPG (JRPG),Direct control,Fantasy,,
77,"September 21, 2017
        
        on
        
          Nintendo Switch","88%
        (20)",Side view,MetroidvaniaPuzzle elements,Direct control,Steampunk,Everyone 10+,
78,"February 7, 2019
        
        on
        
          Nintendo Switch","84%
        (32)",Side view,Fighting,,,Teen,
79,"August 15, 2017
        
        on
        
          PlayStation 4","86%
        (35)",Side view,Platform,Direct control,Fantasy,Everyone,
80,"February 17, 2021
        
        on
        
          Windows","84%
        (30)",Side view,PlatformRoguelikeShooter,Direct control,Sci-fi / futuristic,,
81,"September 13, 2016
        
        on
        
          PlayStation 4","84%
        (31)",1st-person,Shooter,Direct control,Sci-fi / futuristicSteampunk,Mature,
82,"September 22, 2022
        
        on
        
          Windows","86%
        (37)",Diagonal-down,Visual novel,Direct control,Fantasy,,
83,"March 10, 2020
        
        on
        
          Windows Apps","90%
        (31)",Side view,MetroidvaniaPlatformPuzzle elements,Direct control,Fantasy,,
84,"February 24, 2023
        
        on
        
          Windows","85%
        (98)",Diagonal-downSide view,Japanese-style RPG (JRPG),Direct controlMenu structuresMultiple units/characters control,Fantasy,,
85,"September 6, 2018
        
        on
        
          Nintendo Switch","87%
        (10)",Diagonal-down,Action RPGPlatform,Direct control,FantasyPost-apocalypticSci-fi / futuristic,Teen,Same/Split-Screen
86,"September 20, 2018
        
        on
        
          PS Vita","84%
        (48)",1st-person3rd-person (Other),Visual novel,,,,
87,"June 23, 2022
        
        on
        
          Nintendo Switch","87%
        (69)",3rd-person (Other),Puzzle elements,Menu structures,Japan (Modern/Futuristic)Sci-fi / futuristic,Mature,
88,"2021
        
        on
        
          Nintendo Switch","93%
        (10)",,,,,Teen,
89,"2017
        
        on
        
          Nintendo 3DS","86%
        (24)",Side view,Platform,,,,
90,"July 25, 2019
        
        on
        
          Nintendo Switch","87%
        (15)",Diagonal-down,,,Fantasy,Teen,
91,"March 8, 2023
        
        on
        
          Windows","84%
        (55)",Text-based / Spreadsheet,PlatformPuzzle elementsVisual novel,Point and select,,,
92,"March 7, 2024
        
        on
        
          PlayStation 4","89%
        (27)",Diagonal-down,Tactical RPG,Direct controlMenu structures,Fantasy,Teen,
93,"July 20, 2017
        
        on
        
          Nintendo Switch","84%
        (41)",Behind view,Shooter,,Fantasy,Everyone 10+,Internet
94,"May 10, 2017
        
        on
        
          Windows","89%
        (24)",Side view,MetroidvaniaPlatformRoguelike,Direct control,Fantasy,Teen,
95,"April 18, 2019
        
        on
        
          Windows","88%
        (18)",Side view,Platform,Direct control,Cyberpunk / dark sci-fi,,
96,"August 1, 2024
        
        on
        
          Windows","86%
        (31)",3rd-person (Other),,Direct control,,,
97,"October 18, 2018
        
        on
        
          Windows","90%
        (33)",1st-person,Graphic adventurePuzzle elements,Direct control,Europe,,
98,"July 13, 2018
        
        on
        
          Nintendo Switch","84%
        (37)",Diagonal-downSide view,Japanese-style RPG (JRPG)Puzzle elements,Direct controlMenu structuresMultiple units/characters control,FantasyMedieval,Teen,
99,"September 9, 2021
        
        on
        
          Windows","81%
        (67)",3rd-person (Other),Graphic adventurePuzzle elements,Direct controlPoint and select,ContemporaryFantasyNorth America,,
100,"May 12, 2020
        
        on
        
          Windows","88%
        (37)",Side view,PlatformShooter,Direct control,Cyberpunk / dark sci-fi,,Same/Split-Screen
101,"December 6, 2021
        
        on
        
          Windows","94%
        (5)",Side view,Platform,,,,
102,"January 25, 2024
        
        on
        
          Nintendo Switch","85%
        (20)",Diagonal-down,Roguelike,Direct control,Fantasy,,
103,"August 30, 2019
        
        on
        
          Nintendo Switch","86%
        (20)",3rd-person (Other)Behind view,Hack and slashPuzzle elementsRPG elements,Direct control,Sci-fi / futuristic,Teen,Same/Split-Screen
104,"December 6, 2018
        
        on
        
          Windows","85%
        (25)",Behind viewDiagonal-down,,Direct control,Fantasy,,
105,"June 13, 2019
        
        on
        
          Nintendo Switch","85%
        (24)",Diagonal-down,Music / rhythmRoguelike,,Fantasy,Everyone,Same/Split-Screen
106,"December 17, 2021
        
        on
        
          Windows","87%
        (18)",Diagonal-down,Roguelike,Direct control,Fantasy,,
107,"December 20, 2018
        
        on
        
          PlayStation 4","86%
        (28)",3rd-person (Other),Action RPGSandbox / open world,,Fantasy,Everyone 10+,Same/Split-Screen
108,"January 2021
        
        on
        
          Nintendo Switch","85%
        (17)",,,,,Teen,
109,"May 31, 2018
        
        on
        
          Windows","88%
        (10)",Side view,ArcadePlatformShooter,Direct control,,,"Internet, 
              Same/Split-Screen"
110,"August 30, 2022
        
        on
        
          Windows","83%
        (39)",3rd-person (Other),PlatformPuzzle elements,Direct control,Fantasy,,
111,"November 2011
        
        on
        
          Wii","91%
        (86)",1st-personBehind view,MetroidvaniaPuzzle elements,Direct controlMotion control,Fantasy,Everyone 10+,
112,"February 26, 2019
        
        on
        
          Windows","89%
        (6)",Behind view,Action RPGHack and slashSandbox / open world,Direct control,Post-apocalypticSci-fi / futuristic,,
113,"October 15, 2024
        
        on
        
          Windows","87%
        (71)",Side view,Platform,Direct control,,,
114,"October 28, 2022
        
        on
        
          Nintendo Switch","83%
        (41)",Behind view,Hack and slash,Direct control,Fantasy,Mature,
115,"August 10, 2017
        
        on
        
          Windows","87%
        (17)",Side view,,,Western,,
116,"June 17, 2019
        
        on
        
          Windows","85%
        (22)",Diagonal-down,Japanese-style RPG (JRPG)Life / social simulation,Direct controlMenu structures,Fantasy,,
117,"September 23, 2021
        
        on
        
          Nintendo Switch","85%
        (25)",Side view,MetroidvaniaPlatformPuzzle elementsRPG elements,,EuropeFantasy,Teen,
118,"April 20, 2023
        
        on
        
          Windows","81%
        (67)",1st-person,Visual novel,Point and select,Fantasy,,
119,"February 1, 2019
        
        on
        
          Windows","85%
        (26)",Diagonal-down,Turn-based strategy (TBS),Point and select,Fantasy,,"Internet, 
              Same/Split-Screen"
120,"September 29, 2011
        
        on
        
          PSP","87%
        (33)",Diagonal-down,Japanese-style RPG (JRPG),Direct controlMenu structures,Fantasy,,
121,"April 22, 2021
        
        on
        
          Nintendo Switch","80%
        (34)",Top-down,ArcadeShooter,Direct control,FantasySci-fi / futuristic,Everyone 10+,Same/Split-Screen
122,"December 14, 2022
        
        on
        
          Windows","84%
        (33)",Behind view,,Direct control,Fantasy,,
123,"November 30, 2023
        
        on
        
          Nintendo Switch","82%
        (41)",3rd-person (Other),Beat 'em up / brawlerPlatform,Direct control,FantasyJapan (Ancient/Classical/Medieval),,
124,"August 20, 2020
        
        on
        
          Nintendo Switch","85%
        (18)",3rd-person (Other),Visual novel,Point and select,Fantasy,Teen,
125,"May 23, 2018
        
        on
        
          Windows","86%
        (22)",Behind view,Action RPGHack and slashMetroidvania,Direct control,Fantasy,,
126,"October 7, 2014
        
        on
        
          Windows","83%
        (55)",1st-person,ShooterStealthSurvival horror,,Sci-fi / futuristic,,
127,"May 15, 2015
        
        on
        
          Windows","88%
        (24)",Diagonal-down,Action RPGPuzzle elements,,Sci-fi / futuristic,,
128,"June 30, 2023
        
        on
        
          Windows","87%
        (38)",Side view,Puzzle elements,,Fantasy,,
129,"October 27, 2022
        
        on
        
          Windows","89%
        (52)",Side view,Managerial / business simulation,Direct controlMenu structures,,,
130,"December 2001
        
        on
        
          Arcade","86%
        (76)",Top-down,ArcadeShooter,,Sci-fi / futuristic,,
131,"September 29, 2017
        
        on
        
          Windows","86%
        (50)",Side view,PlatformShooter,Direct control,Fantasy,Everyone 10+,Same/Split-Screen
132,"September 4, 2020
        
        on
        
          Windows","90%
        (34)",Behind view,Tricks / stunts,Direct control,,,
133,"July 27, 2022
        
        on
        
          PlayStation 4","84%
        (28)",1st-person,Visual novel,Point and select,FantasyJapan (Modern/Futuristic),Mature,
134,"March 24, 2023
        
        on
        
          Windows","85%
        (31)",Behind view,Japanese-style RPG (JRPG),Direct control,Fantasy,,
135,"February 20, 2024
        
        on
        
          Windows","78%
        (15)",Side view,,,,,
136,"July 22, 2022
        
        on
        
          Nintendo Switch","81%
        (105)",Diagonal-down,Japanese-style RPG (JRPG)Puzzle elements,Direct controlMultiple units/characters control,FantasySci-fi / futuristicWestern,Teen,
137,"October 28, 2020
        
        on
        
          PlayStation 4","82%
        (20)",3rd-person (Other),,,Post-apocalyptic,Mature,
138,"May 29, 2018
        
        on
        
          Windows","83%
        (30)",Side view,MetroidvaniaPinballPlatformPuzzle elements,Direct control,Fantasy,,
139,"January 20, 2023
        
        on
        
          Nintendo Switch","82%
        (160)",Diagonal-down,Tactical RPG,,Fantasy,,
140,"March 26, 2021
        
        on
        
          Windows","89%
        (117)",Behind viewSide view,Mini-gamesPlatformPuzzle elements,Direct control,ContemporaryFantasy,,
141,"April 21, 2023
        
        on
        
          Nintendo Switch","81%
        (127)",Diagonal-down,Turn-based strategy (TBS),,,,
142,"October 15, 2020
        
        on
        
          PlayStation 4","82%
        (25)",1st-person,,Direct control,Fantasy,Mature,
143,"January 28, 2022
        
        on
        
          Nintendo Switch","84%
        (33)",Behind view,Action RPG,Direct control,Fantasy,Everyone,
144,"March 29, 2023
        
        on
        
          Xbox One","84%
        (76)",Top-down,Puzzle elementsRPG elementsSandbox / open world,Direct control,Fantasy,,
145,"November 2, 2023
        
        on
        
          Windows","87%
        (32)",Diagonal-down,Japanese-style RPG (JRPG),Direct control,Fantasy,,
146,"March 19, 2020
        
        on
        
          Windows","88%
        (52)",1st-person,Shooter,Direct control,Sci-fi / futuristic,,
147,"February 6, 2014
        
        on
        
          PlayStation 3","83%
        (41)",Side view,Falling block puzzle,Direct control,,,"Internet, 
              Same/Split-Screen"
148,"May 9, 2024
        
        on
        
          Windows","87%
        (22)",3rd-person (Other),,Direct control,Post-apocalypticSci-fi / futuristic,,
149,"September 26, 2017
        
        on
        
          Windows","86%
        (16)",Top-down,Pinball,,,,
150,"January 25, 2024
        
        on
        
          Windows","83%
        (12)",1st-person,Puzzle elements,Menu structures,,Teen,
151,"March 4, 2022
        
        on
        
          Nintendo Switch","83%
        (25)",Diagonal-down,Tactical RPG,Direct controlMenu structures,Fantasy,Teen,
152,"October 2, 2018
        
        on
        
          Windows","82%
        (34)",Side view,PlatformShooter,,Sci-fi / futuristic,,
153,"January 26, 2018
        
        on
        
          Windows","87%
        (44)",Side view,Fighting,Direct control,,,
154,"November 4, 2020
        
        on
        
          PlayStation 4","83%
        (39)",3rd-person (Other),Visual novel,Point and select,,,
155,"August 30, 2013
        
        on
        
          Windows","91%
        (57)",Side view,Mini-gamesPlatform,,,,Same/Split-Screen
156,"March 3, 2017
        
        on
        
          Nintendo Switch","87%
        (11)",3rd-person (Other),,,Fantasy,,
157,"February 28, 2019
        
        on
        
          Windows","84%
        (16)",Top-down,Arcade,Direct control,,Teen,
158,"June 14, 2023
        
        on
        
          iPhone","85%
        (11)",1st-person,Visual novel,Menu structures,Fantasy,,
159,"February 24, 2023
        
        on
        
          Nintendo Switch","81%
        (127)",Side view,Platform,,Fantasy,Everyone 10+,Same/Split-Screen
160,"October 19, 2021
        
        on
        
          Windows","90%
        (20)",1st-person,Board gameCards / tilesTrading / collectible cardTurn-based strategy (TBS),Direct controlPoint and select,Fantasy,,
161,"January 18, 2024
        
        on
        
          Windows","88%
        (63)",Side view,MetroidvaniaPlatform,Direct control,FantasyMiddle East,,
162,"August 24, 2023
        
        on
        
          Windows","87%
        (26)",Side view,MetroidvaniaPlatformRPG elements,Direct control,Fantasy,,
163,"December 23, 2019
        
        on
        
          Windows","84%
        (15)",Diagonal-down,,,Fantasy,,
164,"July 2, 2014
        
        on
        
          PS Vita","84%
        (11)",,,,,Everyone 10+,
165,"December 1, 2017
        
        on
        
          Nintendo Switch","82%
        (27)",3rd-person (Other),Action RPGJapanese-style RPG (JRPG)Sandbox / open world,,Fantasy,Teen,
166,"February 14, 2022
        
        on
        
          Windows","83%
        (61)",Side view,MetroidvaniaPlatformRPG elements,Direct control,Fantasy,,
167,"March 17, 2023
        
        on
        
          Nintendo Switch","81%
        (120)",Diagonal-down,Puzzle elements,Direct controlMultiple units/characters control,Fantasy,Teen,
168,"July 18, 2019
        
        on
        
          Windows","84%
        (20)",Side view,Platform,Direct control,Sci-fi / futuristic,,
169,"November 1, 2011
        
        on
        
          Windows","83%
        (75)",Diagonal-down,Graphic adventurePuzzle elementsVisual novel,Direct controlPoint and select,ContemporaryFantasy,,
170,"January 17, 2020
        
        on
        
          Nintendo Switch","84%
        (13)",3rd-person (Other),Japanese-style RPG (JRPG),,Fantasy,Teen,
171,"August 16, 2023
        
        on
        
          Windows","86%
        (28)",3rd-person (Other),,Direct controlMenu structures,FantasySci-fi / futuristic,,
172,"September 29, 2023
        
        on
        
          Windows","89%
        (38)",Diagonal-down,Platform,Direct control,Fantasy,,
173,"April 5, 2016
        
        on
        
          Windows","85%
        (19)",Diagonal-down,RoguelikeShooter,,Fantasy,,
174,"October 29, 2009
        
        on
        
          Xbox 360","87%
        (85)",Behind view,Hack and slashQuick Time Events (QTEs),Direct control,Fantasy,Mature,
175,"June 23, 2022
        
        on
        
          PlayStation 4","83%
        (25)",Side view,Falling block puzzleFightingTile matching puzzle,Direct control,,Teen,
176,"October 27, 2022
        
        on
        
          Windows","81%
        (49)",Diagonal-down,ShooterSurvival horror,Direct control,Sci-fi / futuristic,,
177,"August 7, 2018
        
        on
        
          Windows","84%
        (32)",Diagonal-down,Party gameTime management,Direct control,,,
178,"March 13, 2019
        
        on
        
          Windows","86%
        (18)",Diagonal-down,,Direct control,Fantasy,,
179,"September 21, 2022
        
        on
        
          Macintosh","82%
        (44)",Side view,Platform,Direct control,Fantasy,,
180,"August 13, 2020
        
        on
        
          Windows","87%
        (13)",Diagonal-down,Action RPGHack and slash,Direct control,Fantasy,,
181,"January 20, 2021
        
        on
        
          Windows","85%
        (18)",Side view,Metroidvania,Direct control,Fantasy,,
182,"August 29, 2013
        
        on
        
          Windows","84%
        (14)",Top-down,Shooter,Direct control,Sci-fi / futuristic,Everyone,Same/Split-Screen
183,"March 4, 2021
        
        on
        
          Windows","83%
        (19)",3rd-person (Other),Music / rhythmRPG elements,Direct control,FantasySci-fi / futuristic,,
184,"April 25, 2023
        
        on
        
          Windows","85%
        (21)",Diagonal-down,City building / construction simulation,Direct control,,,
185,"October 23, 2018
        
        on
        
          Windows","85%
        (30)",3rd-person (Other),Cards / tilesPuzzle elements,Direct controlPoint and select,Fantasy,,
186,"September 15, 2022
        
        on
        
          Windows","80%
        (40)",3rd-person (Other)Side view,Graphic adventure,Direct control,,,
187,"September 13, 2022
        
        on
        
          Windows","82%
        (25)",Side view,Platform,Direct control,FantasySci-fi / futuristic,,
188,"April 26, 2016
        
        on
        
          PS Vita","83%
        (33)",1st-person,RPG elements,,,,
189,"November 12, 2020
        
        on
        
          Nintendo Switch","87%
        (9)",1st-person,Visual novel,Point and select,EuropeInterwar,Mature,
190,"June 25, 2015
        
        on
        
          PS Vita","86%
        (8)",,,,,,
191,"October 3, 2023
        
        on
        
          Windows","86%
        (21)",Diagonal-down,Tactical RPG,Menu structures,Fantasy,,
192,"February 25, 2016
        
        on
        
          Windows","84%
        (32)",1st-person,Shooter,Direct control,Fantasy,Teen,
193,"October 18, 2019
        
        on
        
          Nintendo Switch","82%
        (10)",3rd-person (Other)Behind view,Mini-gamesRPG elements,Motion control,Fantasy,Everyone 10+,
194,"June 24, 2022
        
        on
        
          Nintendo Switch","83%
        (21)",3rd-person (Other),Hack and slash,Direct control,Fantasy,Teen,
195,"April 11, 2022
        
        on
        
          Windows","83%
        (14)",Diagonal-down,Graphic adventurePuzzle elements,Direct control,,,
196,"December 13, 2018
        
        on
        
          Windows","86%
        (41)",Side view,Platform,Direct control,,Everyone,
197,"August 10, 2018
        
        on
        
          Windows","88%
        (6)",Behind view,ArcadeShooter,Direct control,FantasySci-fi / futuristic,,
198,"November 2, 2021
        
        on
        
          Windows","83%
        (89)",Diagonal-down,,Point and select,Contemporary,,
199,"January 26, 2010
        
        on
        
          Wii","81%
        (38)",3rd-person (Other),Hack and slashQuick Time Events (QTEs),,,Mature,
200,"October 8, 2019
        
        on
        
          Windows","86%
        (16)",3rd-person (Other)Diagonal-downSide view,PlatformPuzzle elements,Direct control,Fantasy,,
201,"June 5, 2020
        
        on
        
          Nintendo Switch","84%
        (12)",Diagonal-downTop-down,Board gameCards / tilesChessTile matching puzzle,Direct control,,Everyone,"Internet, 
              Same/Split-Screen"
202,"February 13, 2020
        
        on
        
          Nintendo Switch","83%
        (13)",,Music / rhythm,Direct controlMotion control,,Teen,
203,"December 26, 2013
        
        on
        
          PlayStation 3","86%
        (28)",Behind view,,,Fantasy,,
204,"November 14, 2017
        
        on
        
          Windows","88%
        (17)",Side view,Cards / tilesRoguelike,Point and select,Fantasy,,
205,"May 22, 2022
        
        on
        
          Windows","84%
        (11)",Side view,Shooter,Direct control,,,
206,"February 25, 2020
        
        on
        
          Windows","84%
        (13)",Side view,Platform,Direct control,Sci-fi / futuristic,,Same/Split-Screen
207,"August 5, 2020
        
        on
        
          Windows Apps","85%
        (10)",Diagonal-down,RPG elementsRoguelike,Direct control,Fantasy,,
208,"January 26, 2021
        
        on
        
          Windows","81%
        (43)",Side view,Platform,Direct control,Sci-fi / futuristic,,
209,"November 30, 2022
        
        on
        
          PlayStation 5","84%
        (10)",1st-personSide view,Puzzle elements,Direct control,ContemporaryFantasy,Mature,
210,"July 12, 2023
        
        on
        
          Windows","77%
        (66)",Side view,Graphic adventurePuzzle elements,Direct control,Fantasy,,
211,"December 3, 2020
        
        on
        
          Nintendo Switch","81%
        (93)",3rd-person (Other),Japanese-style RPG (JRPG),Menu structures,Fantasy,,
212,"May 13, 2014
        
        on
        
          Ouya","84%
        (22)",Side view,FightingPlatformShooter,Direct control,,,Same/Split-Screen
213,"November 13, 2013
        
        on
        
          iPhone","81%
        (11)",,Music / rhythm,,Fantasy,,
214,"July 11, 2019
        
        on
        
          Windows","82%
        (26)",Behind viewSide view,PlatformShooter,Direct control,FantasySci-fi / futuristic,,Same/Split-Screen
215,"March 2, 2023
        
        on
        
          Windows","83%
        (29)",Diagonal-down,Japanese-style RPG (JRPG),Direct control,Fantasy,,
216,"May 29, 2020
        
        on
        
          PlayStation 4","86%
        (8)",1st-person,Action RPGShooter,Direct control,Fantasy,,
217,"March 30, 2017
        
        on
        
          Windows","83%
        (58)",3rd-person (Other),Graphic adventurePuzzle elements,Point and select,North America,,
218,"January 10, 2018
        
        on
        
          Windows","89%
        (18)",1st-person,Shooter,Direct control,Fantasy,,Internet
219,"July 28, 2021
        
        on
        
          Xbox One","86%
        (7)",Diagonal-downSide view,MetroidvaniaShooter,Direct control,Sci-fi / futuristic,,
220,"October 30, 2010
        
        on
        
          PSP","86%
        (18)",Diagonal-down,Japanese-style RPG (JRPG),Direct controlMenu structures,Fantasy,,
221,"April 30, 2021
        
        on
        
          Nintendo Switch","81%
        (25)",1st-person,Rail shooter,,Fantasy,Everyone,
222,"September 19, 2019
        
        on
        
          iPhone","83%
        (19)",Top-down,,Point and select,,,
223,"September 26, 2019
        
        on
        
          PlayStation 4","81%
        (58)",1st-person3rd-person (Other)Behind view,Japanese-style RPG (JRPG),Direct controlPoint and select,Fantasy,Teen,
224,"October 12, 2004
        
        on
        
          Arcade","83%
        (7)",Top-down,ArcadeShooter,,Sci-fi / futuristic,,
225,"January 28, 2016
        
        on
        
          PlayStation 3","82%
        (30)",3rd-person (Other),Action RPGSandbox / open world,,Fantasy,,
226,"March 4, 2021
        
        on
        
          Xbox One","85%
        (11)",,,,,,
227,"October 10, 2019
        
        on
        
          Nintendo Switch","83%
        (15)",Text-based / Spreadsheet,Visual novel,Point and select,FantasyJapan (Modern/Futuristic),Teen,
228,"May 29, 2018
        
        on
        
          Windows","81%
        (27)",Diagonal-down,RPG elementsRoguelike,Direct control,Fantasy,,
229,"September 19, 2019
        
        on
        
          Windows","87%
        (6)",Side view,Graphic adventure,,Contemporary,,
230,"August 29, 2016
        
        on
        
          PlayStation 4","88%
        (19)",,,,,Mature,
231,"May 25, 2016
        
        on
        
          iPhone","84%
        (10)",,Music / rhythm,,,,
232,"December 3, 2021
        
        on
        
          Nintendo Switch","84%
        (9)",,,,,Mature,
233,"September 19, 2019
        
        on
        
          iPhone","83%
        (11)",Diagonal-downSide view,,Direct control,Fantasy,,
234,"April 9, 2024
        
        on
        
          Windows","84%
        (50)",1st-person,Puzzle elements,Direct control,EuropeIndustrial Age,,
235,"August 17, 2023
        
        on
        
          PlayStation 4","82%
        (16)",Behind view,Sandbox / open worldShooter,Direct control,North AmericaWestern,,
236,"September 28, 2017
        
        on
        
          PlayStation 4","86%
        (19)",Behind view,Japanese-style RPG (JRPG),,Fantasy,Teen,
237,"June 20, 2019
        
        on
        
          PlayStation 4","83%
        (22)",Behind view,,Direct control,Fantasy,Everyone 10+,"Internet, 
              Same/Split-Screen"
238,"March 21, 2018
        
        on
        
          PlayStation 4","86%
        (33)",Behind view,,Direct controlPoint and select,,Teen,
239,"June 20, 2019
        
        on
        
          PS Vita","82%
        (16)",1st-person,Visual novel,Menu structures,Sci-fi / futuristic,,
240,"May 11, 2023
        
        on
        
          Windows","82%
        (22)",Side view,Japanese-style RPG (JRPG),Menu structures,Sci-fi / futuristic,,
241,"January 24, 2006
        
        on
        
          PlayStation 2","82%
        (36)",3rd-person (Other),Hack and slash,,Fantasy,Mature,
242,"June 1, 2017
        
        on
        
          Nintendo Switch","81%
        (15)",Diagonal-down,,,Fantasy,Everyone 10+,"Internet, 
              Same/Split-Screen"
243,"September 28, 2017
        
        on
        
          Nintendo Switch","81%
        (25)",Diagonal-down,,,,Everyone,
244,"February 28, 2018
        
        on
        
          Windows","81%
        (53)",1st-personBehind view,Shooter,Direct control,Cyberpunk / dark sci-fiNorth America,,
245,"January 20, 2022
        
        on
        
          Windows","80%
        (22)",Top-down,,Direct control,Fantasy,,"Internet, 
              Same/Split-Screen"
246,"September 27, 2018
        
        on
        
          Windows","86%
        (16)",Side view,PlatformPuzzle elements,Direct control,Fantasy,,
247,"March 13, 2024
        
        on
        
          Windows","83%
        (23)",3rd-person (Other),Shooter,Direct control,Sci-fi / futuristic,,
248,"July 17, 2020
        
        on
        
          Macintosh","80%
        (14)",3rd-person (Other),Visual novel,Menu structures,ContemporaryFantasy,,
249,"March 25, 2013
        
        on
        
          Windows","78%
        (20)",Behind view,RPG elementsShooter,,Sci-fi / futuristic,Mature,Internet
250,"July 21, 2016
        
        on
        
          PS Vita","84%
        (23)",Behind view,Action RPGHack and slash,Direct control,Fantasy,Teen,
251,"October 16, 1997
        
        on
        
          PlayStation","82%
        (30)",3rd-person (Other)Top-down,,,FantasySci-fi / futuristic,,
252,"January 23, 2024
        
        on
        
          Windows","85%
        (31)",Side view,Puzzle elementsRPG elements,Point and select,Fantasy,,
253,"August 31, 2016
        
        on
        
          Windows","82%
        (11)",Diagonal-down,ArcadeShooter,,Sci-fi / futuristic,,Same/Split-Screen
254,"March 7, 2024
        
        on
        
          Windows","82%
        (32)",3rd-person (Other),,Direct control,Fantasy,,
255,"May 16, 2011
        
        on
        
          Windows","82%
        (55)",Side view,PlatformRPG elementsSandbox / open world,,Fantasy,,"Internet, 
              LAN"
256,"October 11, 2019
        
        on
        
          Windows","86%
        (6)",Side view,ArcadePlatform,Direct controlMultiple units/characters control,Fantasy,,
257,"August 6, 2014
        
        on
        
          Windows","85%
        (11)",Diagonal-down,Hack and slashRPG elements,,Fantasy,,
258,"January 12, 2023
        
        on
        
          Windows","80%
        (32)",Side view,MetroidvaniaPlatform,Direct control,Sci-fi / futuristic,,
259,"March 29, 2019
        
        on
        
          Nintendo Switch","81%
        (24)",3rd-person (Other)Side view,PlatformPuzzle elements,Direct control,Fantasy,Everyone,Same/Split-Screen
260,"November 1, 2016
        
        on
        
          Windows","85%
        (30)",Side view,MetroidvaniaPlatformPuzzle elements,Direct control,Fantasy,,
261,"November 1, 2009
        
        on
        
          PSP","87%
        (48)",Diagonal-down,Japanese-style RPG (JRPG),,,Mature,
262,"October 3, 2017
        
        on
        
          Windows","85%
        (10)",Top-down,,Direct control,,,
263,"July 24, 2018
        
        on
        
          Windows","86%
        (9)",Side view,Platform,,Sci-fi / futuristic,,
264,"1997
        
        on
        
          PlayStation","92%
        (116)",3rd-person (Other),Japanese-style RPG (JRPG),,Cyberpunk / dark sci-fiFantasySci-fi / futuristic,Teen,
265,"June 26, 2018
        
        on
        
          Windows","84%
        (22)",3rd-person (Other),,Direct control,,,
266,"November 20, 2020
        
        on
        
          Nintendo Switch","80%
        (29)",Behind view,Hack and slash,Direct control,Fantasy,Teen,Same/Split-Screen
267,"July 27, 2021
        
        on
        
          Windows","86%
        (22)",3rd-person (Other),Puzzle elements,,,,
268,"January 23, 2018
        
        on
        
          Windows","82%
        (43)",Side view,MetroidvaniaPlatform,,Sci-fi / futuristic,Teen,
269,"September 19, 2017
        
        on
        
          Windows","81%
        (26)",Side view,Beat 'em up / brawler,Direct control,,,Same/Split-Screen
270,"August 11, 2014
        
        on
        
          Windows","82%
        (10)",Top-down,,,,,
271,"January 10, 2019
        
        on
        
          Windows","84%
        (22)",3rd-person (Other),Action RPG,Direct control,Fantasy,,Same/Split-Screen
272,"February 27, 2018
        
        on
        
          Windows","87%
        (30)",Diagonal-down,RPG elementsTurn-based tactics (TBT),Point and select,Sci-fi / futuristic,,
273,"December 6, 2007
        
        on
        
          Wii","82%
        (103)",1st-personBehind view,Hack and slashQuick Time Events (QTEs),,,Mature,
274,"November 17, 2017
        
        on
        
          Nintendo Switch","82%
        (11)",Side view,PlatformShooter,,,Everyone 10+,
275,"September 19, 2019
        
        on
        
          iPhone","85%
        (14)",1st-person3rd-person (Other)Behind view,ArcadeFightingShooter,Direct control,Fantasy,,
276,"September 20, 2012
        
        on
        
          Windows","85%
        (136)",Diagonal-down,Action RPGHack and slash,Point and select,Fantasy,,LAN
277,"May 29, 2013
        
        on
        
          iPhone","84%
        (45)",1st-person,Puzzle elements,,,,
278,"June 21, 2023
        
        on
        
          Nintendo Switch","85%
        (5)",,,,,Everyone 10+,Same/Split-Screen
279,"January 31, 2022
        
        on
        
          iPhone","81%
        (19)",Top-down,Puzzle elements,Direct control,Fantasy,,
280,"May 5, 2022
        
        on
        
          Windows","82%
        (36)",Diagonal-down,,Menu structuresPoint and select,Cyberpunk / dark sci-fi,,
281,"April 22, 2021
        
        on
        
          Windows","82%
        (12)",,,,,,
282,"October 8, 2019
        
        on
        
          PlayStation 4","79%
        (53)",3rd-person (Other),Japanese-style RPG (JRPG),,Fantasy,Everyone 10+,
283,"August 27, 2024
        
        on
        
          Windows","84%
        (24)",Diagonal-down,MetroidvaniaPuzzle elementsRPG elements,Direct control,Fantasy,,
284,"March 12, 2021
        
        on
        
          Xbox One","79%
        (11)",3rd-person (Other)Side view,Puzzle elements,Point and select,Fantasy,Teen,
285,"December 2, 2020
        
        on
        
          Windows","82%
        (17)",3rd-person (Other),Graphic adventurePuzzle elements,Point and select,,Teen,
286,"February 26, 2021
        
        on
        
          Nintendo Switch","80%
        (21)",3rd-person (Other),,Direct control,Fantasy,Teen,
287,"July 9, 2021
        
        on
        
          Windows","81%
        (28)",3rd-person (Other),Japanese-style RPG (JRPG),Direct control,Fantasy,,Internet
288,"February 4, 2015
        
        on
        
          Windows","83%
        (46)",Side view,Tactical RPG,Point and select,Fantasy,,
289,"June 14, 2012
        
        on
        
          Xbox 360","80%
        (30)",1st-person,Visual novel,,,,
290,"April 27, 2018
        
        on
        
          Nintendo Switch","84%
        (9)",,,,,Teen,
291,"March 22, 2018
        
        on
        
          Nintendo Switch","82%
        (15)",Behind view,Hack and slash,Direct control,Fantasy,Teen,"Internet, 
              Same/Split-Screen"
292,"September 27, 2021
        
        on
        
          Arcade","81%
        (33)",Side view,ArcadeShooter,Direct control,Fantasy,,
293,"August 23, 2016
        
        on
        
          Windows","79%
        (52)",Side view,Artillery,Direct controlMultiple units/characters control,,,"Hot Seat, 
              Internet"
294,"March 16, 2022
        
        on
        
          Windows","85%
        (47)",Diagonal-down,MetroidvaniaPuzzle elements,Direct control,Fantasy,,
295,"January 17, 2019
        
        on
        
          PlayStation 4","84%
        (7)",,,,,,
296,"July 27, 2017
        
        on
        
          Windows","79%
        (40)",Side view,Graphic adventurePuzzle elements,Point and select,Fantasy,,
297,"February 21, 2017
        
        on
        
          Windows","82%
        (21)",Side view,Graphic adventure,,Fantasy,,
298,"June 2, 2021
        
        on
        
          Windows","86%
        (8)",1st-person3rd-person (Other)Side viewTop-down,Interactive fiction / text adventurePuzzle elements,Point and select,,,
299,"December 15, 2022
        
        on
        
          Windows","82%
        (31)",1st-personDiagonal-downSide view,Music / rhythm,Direct control,,,
300,"July 21, 2016
        
        on
        
          PS Vita","84%
        (23)",Behind view,Action RPGHack and slash,Direct control,Fantasy,Teen,
301,"October 16, 1997
        
        on
        
          PlayStation","82%
        (30)",3rd-person (Other)Top-down,,,FantasySci-fi / futuristic,,
302,"January 23, 2024
        
        on
        
          Windows","85%
        (31)",Side view,Puzzle elementsRPG elements,Point and select,Fantasy,,
303,"August 31, 2016
        
        on
        
          Windows","82%
        (11)",Diagonal-down,ArcadeShooter,,Sci-fi / futuristic,,Same/Split-Screen
304,"March 7, 2024
        
        on
        
          Windows","82%
        (32)",3rd-person (Other),,Direct control,Fantasy,,
305,"May 16, 2011
        
        on
        
          Windows","82%
        (55)",Side view,PlatformRPG elementsSandbox / open world,,Fantasy,,"Internet, 
              LAN"
306,"October 11, 2019
        
        on
        
          Windows","86%
        (6)",Side view,ArcadePlatform,Direct controlMultiple units/characters control,Fantasy,,
307,"August 6, 2014
        
        on
        
          Windows","85%
        (11)",Diagonal-down,Hack and slashRPG elements,,Fantasy,,
308,"January 12, 2023
        
        on
        
          Windows","80%
        (32)",Side view,MetroidvaniaPlatform,Direct control,Sci-fi / futuristic,,
309,"March 29, 2019
        
        on
        
          Nintendo Switch","81%
        (24)",3rd-person (Other)Side view,PlatformPuzzle elements,Direct control,Fantasy,Everyone,Same/Split-Screen
310,"November 1, 2016
        
        on
        
          Windows","85%
        (30)",Side view,MetroidvaniaPlatformPuzzle elements,Direct control,Fantasy,,
311,"November 1, 2009
        
        on
        
          PSP","87%
        (48)",Diagonal-down,Japanese-style RPG (JRPG),,,Mature,
312,"October 3, 2017
        
        on
        
          Windows","85%
        (10)",Top-down,,Direct control,,,
313,"July 24, 2018
        
        on
        
          Windows","86%
        (9)",Side view,Platform,,Sci-fi / futuristic,,
314,"1997
        
        on
        
          PlayStation","92%
        (116)",3rd-person (Other),Japanese-style RPG (JRPG),,Cyberpunk / dark sci-fiFantasySci-fi / futuristic,Teen,
315,"June 26, 2018
        
        on
        
          Windows","84%
        (22)",3rd-person (Other),,Direct control,,,
316,"November 20, 2020
        
        on
        
          Nintendo Switch","80%
        (29)",Behind view,Hack and slash,Direct control,Fantasy,Teen,Same/Split-Screen
317,"July 27, 2021
        
        on
        
          Windows","86%
        (22)",3rd-person (Other),Puzzle elements,,,,
318,"January 23, 2018
        
        on
        
          Windows","82%
        (43)",Side view,MetroidvaniaPlatform,,Sci-fi / futuristic,Teen,
319,"September 19, 2017
        
        on
        
          Windows","81%
        (26)",Side view,Beat 'em up / brawler,Direct control,,,Same/Split-Screen
320,"August 11, 2014
        
        on
        
          Windows","82%
        (10)",Top-down,,,,,
321,"January 10, 2019
        
        on
        
          Windows","84%
        (22)",3rd-person (Other),Action RPG,Direct control,Fantasy,,Same/Split-Screen
322,"February 27, 2018
        
        on
        
          Windows","87%
        (30)",Diagonal-down,RPG elementsTurn-based tactics (TBT),Point and select,Sci-fi / futuristic,,
323,"December 6, 2007
        
        on
        
          Wii","82%
        (103)",1st-personBehind view,Hack and slashQuick Time Events (QTEs),,,Mature,
324,"November 17, 2017
        
        on
        
          Nintendo Switch","82%
        (11)",Side view,PlatformShooter,,,Everyone 10+,
325,"September 19, 2019
        
        on
        
          iPhone","85%
        (14)",1st-person3rd-person (Other)Behind view,ArcadeFightingShooter,Direct control,Fantasy,,
326,"September 20, 2012
        
        on
        
          Windows","85%
        (136)",Diagonal-down,Action RPGHack and slash,Point and select,Fantasy,,LAN
327,"May 29, 2013
        
        on
        
          iPhone","84%
        (45)",1st-person,Puzzle elements,,,,
328,"June 21, 2023
        
        on
        
          Nintendo Switch","85%
        (5)",,,,,Everyone 10+,Same/Split-Screen
329,"January 31, 2022
        
        on
        
          iPhone","81%
        (19)",Top-down,Puzzle elements,Direct control,Fantasy,,
330,"May 5, 2022
        
        on
        
          Windows","82%
        (36)",Diagonal-down,,Menu structuresPoint and select,Cyberpunk / dark sci-fi,,
331,"April 22, 2021
        
        on
        
          Windows","82%
        (12)",,,,,,
332,"October 8, 2019
        
        on
        
          PlayStation 4","79%
        (53)",3rd-person (Other),Japanese-style RPG (JRPG),,Fantasy,Everyone 10+,
333,"August 27, 2024
        
        on
        
          Windows","84%
        (24)",Diagonal-down,MetroidvaniaPuzzle elementsRPG elements,Direct control,Fantasy,,
334,"March 12, 2021
        
        on
        
          Xbox One","79%
        (11)",3rd-person (Other)Side view,Puzzle elements,Point and select,Fantasy,Teen,
335,"December 2, 2020
        
        on
        
          Windows","82%
        (17)",3rd-person (Other),Graphic adventurePuzzle elements,Point and select,,Teen,
336,"February 26, 2021
        
        on
        
          Nintendo Switch","80%
        (21)",3rd-person (Other),,Direct control,Fantasy,Teen,
337,"July 9, 2021
        
        on
        
          Windows","81%
        (28)",3rd-person (Other),Japanese-style RPG (JRPG),Direct control,Fantasy,,Internet
338,"February 4, 2015
        
        on
        
          Windows","83%
        (46)",Side view,Tactical RPG,Point and select,Fantasy,,
339,"June 14, 2012
        
        on
        
          Xbox 360","80%
        (30)",1st-person,Visual novel,,,,
340,"April 27, 2018
        
        on
        
          Nintendo Switch","84%
        (9)",,,,,Teen,
341,"March 22, 2018
        
        on
        
          Nintendo Switch","82%
        (15)",Behind view,Hack and slash,Direct control,Fantasy,Teen,"Internet, 
              Same/Split-Screen"
342,"September 27, 2021
        
        on
        
          Arcade","81%
        (33)",Side view,ArcadeShooter,Direct control,Fantasy,,
343,"August 23, 2016
        
        on
        
          Windows","79%
        (52)",Side view,Artillery,Direct controlMultiple units/characters control,,,"Hot Seat, 
              Internet"
344,"March 16, 2022
        
        on
        
          Windows","85%
        (47)",Diagonal-down,MetroidvaniaPuzzle elements,Direct control,Fantasy,,
345,"January 17, 2019
        
        on
        
          PlayStation 4","84%
        (7)",,,,,,
346,"July 27, 2017
        
        on
        
          Windows","79%
        (40)",Side view,Graphic adventurePuzzle elements,Point and select,Fantasy,,
347,"February 21, 2017
        
        on
        
          Windows","82%
        (21)",Side view,Graphic adventure,,Fantasy,,
348,"June 2, 2021
        
        on
        
          Windows","86%
        (8)",1st-person3rd-person (Other)Side viewTop-down,Interactive fiction / text adventurePuzzle elements,Point and select,,,
349,"December 15, 2022
        
        on
        
          Windows","82%
        (31)",1st-personDiagonal-downSide view,Music / rhythm,Direct control,,,
350,"July 21, 2016
        
        on
        
          PS Vita","84%
        (23)",Behind view,Action RPGHack and slash,Direct control,Fantasy,Teen,
351,"October 16, 1997
        
        on
        
          PlayStation","82%
        (30)",3rd-person (Other)Top-down,,,FantasySci-fi / futuristic,,
352,"January 23, 2024
        
        on
        
          Windows","85%
        (31)",Side view,Puzzle elementsRPG elements,Point and select,Fantasy,,
353,"August 31, 2016
        
        on
        
          Windows","82%
        (11)",Diagonal-down,ArcadeShooter,,Sci-fi / futuristic,,Same/Split-Screen
354,"March 7, 2024
        
        on
        
          Windows","82%
        (32)",3rd-person (Other),,Direct control,Fantasy,,
355,"May 16, 2011
        
        on
        
          Windows","82%
        (55)",Side view,PlatformRPG elementsSandbox / open world,,Fantasy,,"Internet, 
              LAN"
356,"October 11, 2019
        
        on
        
          Windows","86%
        (6)",Side view,ArcadePlatform,Direct controlMultiple units/characters control,Fantasy,,
357,"August 6, 2014
        
        on
        
          Windows","85%
        (11)",Diagonal-down,Hack and slashRPG elements,,Fantasy,,
358,"January 12, 2023
        
        on
        
          Windows","80%
        (32)",Side view,MetroidvaniaPlatform,Direct control,Sci-fi / futuristic,,
359,"March 29, 2019
        
        on
        
          Nintendo Switch","81%
        (24)",3rd-person (Other)Side view,PlatformPuzzle elements,Direct control,Fantasy,Everyone,Same/Split-Screen
360,"November 1, 2016
        
        on
        
          Windows","85%
        (30)",Side view,MetroidvaniaPlatformPuzzle elements,Direct control,Fantasy,,
361,"November 1, 2009
        
        on
        
          PSP","87%
        (48)",Diagonal-down,Japanese-style RPG (JRPG),,,Mature,
362,"October 3, 2017
        
        on
        
          Windows","85%
        (10)",Top-down,,Direct control,,,
363,"July 24, 2018
        
        on
        
          Windows","86%
        (9)",Side view,Platform,,Sci-fi / futuristic,,
364,"1997
        
        on
        
          PlayStation","92%
        (116)",3rd-person (Other),Japanese-style RPG (JRPG),,Cyberpunk / dark sci-fiFantasySci-fi / futuristic,Teen,
365,"June 26, 2018
        
        on
        
          Windows","84%
        (22)",3rd-person (Other),,Direct control,,,
366,"November 20, 2020
        
        on
        
          Nintendo Switch","80%
        (29)",Behind view,Hack and slash,Direct control,Fantasy,Teen,Same/Split-Screen
367,"July 27, 2021
        
        on
        
          Windows","86%
        (22)",3rd-person (Other),Puzzle elements,,,,
368,"January 23, 2018
        
        on
        
          Windows","82%
        (43)",Side view,MetroidvaniaPlatform,,Sci-fi / futuristic,Teen,
369,"September 19, 2017
        
        on
        
          Windows","81%
        (26)",Side view,Beat 'em up / brawler,Direct control,,,Same/Split-Screen
370,"August 11, 2014
        
        on
        
          Windows","82%
        (10)",Top-down,,,,,
371,"January 10, 2019
        
        on
        
          Windows","84%
        (22)",3rd-person (Other),Action RPG,Direct control,Fantasy,,Same/Split-Screen
372,"February 27, 2018
        
        on
        
          Windows","87%
        (30)",Diagonal-down,RPG elementsTurn-based tactics (TBT),Point and select,Sci-fi / futuristic,,
373,"December 6, 2007
        
        on
        
          Wii","82%
        (103)",1st-personBehind view,Hack and slashQuick Time Events (QTEs),,,Mature,
374,"November 17, 2017
        
        on
        
          Nintendo Switch","82%
        (11)",Side view,PlatformShooter,,,Everyone 10+,
375,"September 19, 2019
        
        on
        
          iPhone","85%
        (14)",1st-person3rd-person (Other)Behind view,ArcadeFightingShooter,Direct control,Fantasy,,
376,"September 20, 2012
        
        on
        
          Windows","85%
        (136)",Diagonal-down,Action RPGHack and slash,Point and select,Fantasy,,LAN
377,"May 29, 2013
        
        on
        
          iPhone","84%
        (45)",1st-person,Puzzle elements,,,,
378,"June 21, 2023
        
        on
        
          Nintendo Switch","85%
        (5)",,,,,Everyone 10+,Same/Split-Screen
379,"January 31, 2022
        
        on
        
          iPhone","81%
        (19)",Top-down,Puzzle elements,Direct control,Fantasy,,
380,"May 5, 2022
        
        on
        
          Windows","82%
        (36)",Diagonal-down,,Menu structuresPoint and select,Cyberpunk / dark sci-fi,,
381,"April 22, 2021
        
        on
        
          Windows","82%
        (12)",,,,,,
382,"October 8, 2019
        
        on
        
          PlayStation 4","79%
        (53)",3rd-person (Other),Japanese-style RPG (JRPG),,Fantasy,Everyone 10+,
383,"August 27, 2024
        
        on
        
          Windows","84%
        (24)",Diagonal-down,MetroidvaniaPuzzle elementsRPG elements,Direct control,Fantasy,,
384,"March 12, 2021
        
        on
        
          Xbox One","79%
        (11)",3rd-person (Other)Side view,Puzzle elements,Point and select,Fantasy,Teen,
385,"December 2, 2020
        
        on
        
          Windows","82%
        (17)",3rd-person (Other),Graphic adventurePuzzle elements,Point and select,,Teen,
386,"February 26, 2021
        
        on
        
          Nintendo Switch","80%
        (21)",3rd-person (Other),,Direct control,Fantasy,Teen,
387,"July 9, 2021
        
        on
        
          Windows","81%
        (28)",3rd-person (Other),Japanese-style RPG (JRPG),Direct control,Fantasy,,Internet
388,"February 4, 2015
        
        on
        
          Windows","83%
        (46)",Side view,Tactical RPG,Point and select,Fantasy,,
389,"June 14, 2012
        
        on
        
          Xbox 360","80%
        (30)",1st-person,Visual novel,,,,
390,"April 27, 2018
        
        on
        
          Nintendo Switch","84%
        (9)",,,,,Teen,
391,"March 22, 2018
        
        on
        
          Nintendo Switch","82%
        (15)",Behind view,Hack and slash,Direct control,Fantasy,Teen,"Internet, 
              Same/Split-Screen"
392,"September 27, 2021
        
        on
        
          Arcade","81%
        (33)",Side view,ArcadeShooter,Direct control,Fantasy,,
393,"August 23, 2016
        
        on
        
          Windows","79%
        (52)",Side view,Artillery,Direct controlMultiple units/characters control,,,"Hot Seat, 
              Internet"
394,"March 16, 2022
        
        on
        
          Windows","85%
        (47)",Diagonal-down,MetroidvaniaPuzzle elements,Direct control,Fantasy,,
395,"January 17, 2019
        
        on
        
          PlayStation 4","84%
        (7)",,,,,,
396,"July 27, 2017
        
        on
        
          Windows","79%
        (40)",Side view,Graphic adventurePuzzle elements,Point and select,Fantasy,,
397,"February 21, 2017
        
        on
        
          Windows","82%
        (21)",Side view,Graphic adventure,,Fantasy,,
398,"June 2, 2021
        
        on
        
          Windows","86%
        (8)",1st-person3rd-person (Other)Side viewTop-down,Interactive fiction / text adventurePuzzle elements,Point and select,,,
399,"December 15, 2022
        
        on
        
          Windows","82%
        (31)",1st-personDiagonal-downSide view,Music / rhythm,Direct control,,,
400,"July 21, 2016
        
        on
        
          PS Vita","84%
        (23)",Behind view,Action RPGHack and slash,Direct control,Fantasy,Teen,
401,"October 16, 1997
        
        on
        
          PlayStation","82%
        (30)",3rd-person (Other)Top-down,,,FantasySci-fi / futuristic,,
402,"January 23, 2024
        
        on
        
          Windows","85%
        (31)",Side view,Puzzle elementsRPG elements,Point and select,Fantasy,,
403,"August 31, 2016
        
        on
        
          Windows","82%
        (11)",Diagonal-down,ArcadeShooter,,Sci-fi / futuristic,,Same/Split-Screen
404,"March 7, 2024
        
        on
        
          Windows","82%
        (32)",3rd-person (Other),,Direct control,Fantasy,,
405,"May 16, 2011
        
        on
        
          Windows","82%
        (55)",Side view,PlatformRPG elementsSandbox / open world,,Fantasy,,"Internet, 
              LAN"
406,"October 11, 2019
        
        on
        
          Windows","86%
        (6)",Side view,ArcadePlatform,Direct controlMultiple units/characters control,Fantasy,,
407,"August 6, 2014
        
        on
        
          Windows","85%
        (11)",Diagonal-down,Hack and slashRPG elements,,Fantasy,,
408,"January 12, 2023
        
        on
        
          Windows","80%
        (32)",Side view,MetroidvaniaPlatform,Direct control,Sci-fi / futuristic,,
409,"March 29, 2019
        
        on
        
          Nintendo Switch","81%
        (24)",3rd-person (Other)Side view,PlatformPuzzle elements,Direct control,Fantasy,Everyone,Same/Split-Screen
410,"November 1, 2016
        
        on
        
          Windows","85%
        (30)",Side view,MetroidvaniaPlatformPuzzle elements,Direct control,Fantasy,,
411,"November 1, 2009
        
        on
        
          PSP","87%
        (48)",Diagonal-down,Japanese-style RPG (JRPG),,,Mature,
412,"October 3, 2017
        
        on
        
          Windows","85%
        (10)",Top-down,,Direct control,,,
413,"July 24, 2018
        
        on
        
          Windows","86%
        (9)",Side view,Platform,,Sci-fi / futuristic,,
414,"1997
        
        on
        
          PlayStation","92%
        (116)",3rd-person (Other),Japanese-style RPG (JRPG),,Cyberpunk / dark sci-fiFantasySci-fi / futuristic,Teen,
415,"June 26, 2018
        
        on
        
          Windows","84%
        (22)",3rd-person (Other),,Direct control,,,
416,"November 20, 2020
        
        on
        
          Nintendo Switch","80%
        (29)",Behind view,Hack and slash,Direct control,Fantasy,Teen,Same/Split-Screen
417,"July 27, 2021
        
        on
        
          Windows","86%
        (22)",3rd-person (Other),Puzzle elements,,,,
418,"January 23, 2018
        
        on
        
          Windows","82%
        (43)",Side view,MetroidvaniaPlatform,,Sci-fi / futuristic,Teen,
419,"September 19, 2017
        
        on
        
          Windows","81%
        (26)",Side view,Beat 'em up / brawler,Direct control,,,Same/Split-Screen
420,"August 11, 2014
        
        on
        
          Windows","82%
        (10)",Top-down,,,,,
421,"January 10, 2019
        
        on
        
          Windows","84%
        (22)",3rd-person (Other),Action RPG,Direct control,Fantasy,,Same/Split-Screen
422,"February 27, 2018
        
        on
        
          Windows","87%
        (30)",Diagonal-down,RPG elementsTurn-based tactics (TBT),Point and select,Sci-fi / futuristic,,
423,"December 6, 2007
        
        on
        
          Wii","82%
        (103)",1st-personBehind view,Hack and slashQuick Time Events (QTEs),,,Mature,
424,"November 17, 2017
        
        on
        
          Nintendo Switch","82%
        (11)",Side view,PlatformShooter,,,Everyone 10+,
425,"September 19, 2019
        
        on
        
          iPhone","85%
        (14)",1st-person3rd-person (Other)Behind view,ArcadeFightingShooter,Direct control,Fantasy,,
426,"September 20, 2012
        
        on
        
          Windows","85%
        (136)",Diagonal-down,Action RPGHack and slash,Point and select,Fantasy,,LAN
427,"May 29, 2013
        
        on
        
          iPhone","84%
        (45)",1st-person,Puzzle elements,,,,
428,"June 21, 2023
        
        on
        
          Nintendo Switch","85%
        (5)",,,,,Everyone 10+,Same/Split-Screen
429,"January 31, 2022
        
        on
        
          iPhone","81%
        (19)",Top-down,Puzzle elements,Direct control,Fantasy,,
430,"May 5, 2022
        
        on
        
          Windows","82%
        (36)",Diagonal-down,,Menu structuresPoint and select,Cyberpunk / dark sci-fi,,
431,"April 22, 2021
        
        on
        
          Windows","82%
        (12)",,,,,,
432,"October 8, 2019
        
        on
        
          PlayStation 4","79%
        (53)",3rd-person (Other),Japanese-style RPG (JRPG),,Fantasy,Everyone 10+,
433,"August 27, 2024
        
        on
        
          Windows","84%
        (24)",Diagonal-down,MetroidvaniaPuzzle elementsRPG elements,Direct control,Fantasy,,
434,"March 12, 2021
        
        on
        
          Xbox One","79%
        (11)",3rd-person (Other)Side view,Puzzle elements,Point and select,Fantasy,Teen,
435,"December 2, 2020
        
        on
        
          Windows","82%
        (17)",3rd-person (Other),Graphic adventurePuzzle elements,Point and select,,Teen,
436,"February 26, 2021
        
        on
        
          Nintendo Switch","80%
        (21)",3rd-person (Other),,Direct control,Fantasy,Teen,
437,"July 9, 2021
        
        on
        
          Windows","81%
        (28)",3rd-person (Other),Japanese-style RPG (JRPG),Direct control,Fantasy,,Internet
438,"February 4, 2015
        
        on
        
          Windows","83%
        (46)",Side view,Tactical RPG,Point and select,Fantasy,,
439,"June 14, 2012
        
        on
        
          Xbox 360","80%
        (30)",1st-person,Visual novel,,,,
440,"April 27, 2018
        
        on
        
          Nintendo Switch","84%
        (9)",,,,,Teen,
441,"March 22, 2018
        
        on
        
          Nintendo Switch","82%
        (15)",Behind view,Hack and slash,Direct control,Fantasy,Teen,"Internet, 
              Same/Split-Screen"
442,"September 27, 2021
        
        on
        
          Arcade","81%
        (33)",Side view,ArcadeShooter,Direct control,Fantasy,,
443,"August 23, 2016
        
        on
        
          Windows","79%
        (52)",Side view,Artillery,Direct controlMultiple units/characters control,,,"Hot Seat, 
              Internet"
444,"March 16, 2022
        
        on
        
          Windows","85%
        (47)",Diagonal-down,MetroidvaniaPuzzle elements,Direct control,Fantasy,,
445,"January 17, 2019
        
        on
        
          PlayStation 4","84%
        (7)",,,,,,
446,"July 27, 2017
        
        on
        
          Windows","79%
        (40)",Side view,Graphic adventurePuzzle elements,Point and select,Fantasy,,
447,"February 21, 2017
        
        on
        
          Windows","82%
        (21)",Side view,Graphic adventure,,Fantasy,,
448,"June 2, 2021
        
        on
        
          Windows","86%
        (8)",1st-person3rd-person (Other)Side viewTop-down,Interactive fiction / text adventurePuzzle elements,Point and select,,,
449,"December 15, 2022
        
        on
        
          Windows","82%
        (31)",1st-personDiagonal-downSide view,Music / rhythm,Direct control,,,
450,"July 21, 2016
        
        on
        
          PS Vita","84%
        (23)",Behind view,Action RPGHack and slash,Direct control,Fantasy,Teen,
451,"October 16, 1997
        
        on
        
          PlayStation","82%
        (30)",3rd-person (Other)Top-down,,,FantasySci-fi / futuristic,,
452,"January 23, 2024
        
        on
        
          Windows","85%
        (31)",Side view,Puzzle elementsRPG elements,Point and select,Fantasy,,
453,"August 31, 2016
        
        on
        
          Windows","82%
        (11)",Diagonal-down,ArcadeShooter,,Sci-fi / futuristic,,Same/Split-Screen
454,"March 7, 2024
        
        on
        
          Windows","82%
        (32)",3rd-person (Other),,Direct control,Fantasy,,
455,"May 16, 2011
        
        on
        
          Windows","82%
        (55)",Side view,PlatformRPG elementsSandbox / open world,,Fantasy,,"Internet, 
              LAN"
456,"October 11, 2019
        
        on
        
          Windows","86%
        (6)",Side view,ArcadePlatform,Direct controlMultiple units/characters control,Fantasy,,
457,"August 6, 2014
        
        on
        
          Windows","85%
        (11)",Diagonal-down,Hack and slashRPG elements,,Fantasy,,
458,"January 12, 2023
        
        on
        
          Windows","80%
        (32)",Side view,MetroidvaniaPlatform,Direct control,Sci-fi / futuristic,,
459,"March 29, 2019
        
        on
        
          Nintendo Switch","81%
        (24)",3rd-person (Other)Side view,PlatformPuzzle elements,Direct control,Fantasy,Everyone,Same/Split-Screen
460,"November 1, 2016
        
        on
        
          Windows","85%
        (30)",Side view,MetroidvaniaPlatformPuzzle elements,Direct control,Fantasy,,
461,"November 1, 2009
        
        on
        
          PSP","87%
        (48)",Diagonal-down,Japanese-style RPG (JRPG),,,Mature,
462,"October 3, 2017
        
        on
        
          Windows","85%
        (10)",Top-down,,Direct control,,,
463,"July 24, 2018
        
        on
        
          Windows","86%
        (9)",Side view,Platform,,Sci-fi / futuristic,,
464,"1997
        
        on
        
          PlayStation","92%
        (116)",3rd-person (Other),Japanese-style RPG (JRPG),,Cyberpunk / dark sci-fiFantasySci-fi / futuristic,Teen,
465,"June 26, 2018
        
        on
        
          Windows","84%
        (22)",3rd-person (Other),,Direct control,,,
466,"November 20, 2020
        
        on
        
          Nintendo Switch","80%
        (29)",Behind view,Hack and slash,Direct control,Fantasy,Teen,Same/Split-Screen
467,"July 27, 2021
        
        on
        
          Windows","86%
        (22)",3rd-person (Other),Puzzle elements,,,,
468,"January 23, 2018
        
        on
        
          Windows","82%
        (43)",Side view,MetroidvaniaPlatform,,Sci-fi / futuristic,Teen,
469,"September 19, 2017
        
        on
        
          Windows","81%
        (26)",Side view,Beat 'em up / brawler,Direct control,,,Same/Split-Screen
470,"August 11, 2014
        
        on
        
          Windows","82%
        (10)",Top-down,,,,,
471,"January 10, 2019
        
        on
        
          Windows","84%
        (22)",3rd-person (Other),Action RPG,Direct control,Fantasy,,Same/Split-Screen
472,"February 27, 2018
        
        on
        
          Windows","87%
        (30)",Diagonal-down,RPG elementsTurn-based tactics (TBT),Point and select,Sci-fi / futuristic,,
473,"December 6, 2007
        
        on
        
          Wii","82%
        (103)",1st-personBehind view,Hack and slashQuick Time Events (QTEs),,,Mature,
474,"November 17, 2017
        
        on
        
          Nintendo Switch","82%
        (11)",Side view,PlatformShooter,,,Everyone 10+,
475,"September 19, 2019
        
        on
        
          iPhone","85%
        (14)",1st-person3rd-person (Other)Behind view,ArcadeFightingShooter,Direct control,Fantasy,,
476,"September 20, 2012
        
        on
        
          Windows","85%
        (136)",Diagonal-down,Action RPGHack and slash,Point and select,Fantasy,,LAN
477,"May 29, 2013
        
        on
        
          iPhone","84%
        (45)",1st-person,Puzzle elements,,,,
478,"June 21, 2023
        
        on
        
          Nintendo Switch","85%
        (5)",,,,,Everyone 10+,Same/Split-Screen
479,"January 31, 2022
        
        on
        
          iPhone","81%
        (19)",Top-down,Puzzle elements,Direct control,Fantasy,,
480,"May 5, 2022
        
        on
        
          Windows","82%
        (36)",Diagonal-down,,Menu structuresPoint and select,Cyberpunk / dark sci-fi,,
481,"April 22, 2021
        
        on
        
          Windows","82%
        (12)",,,,,,
482,"October 8, 2019
        
        on
        
          PlayStation 4","79%
        (53)",3rd-person (Other),Japanese-style RPG (JRPG),,Fantasy,Everyone 10+,
483,"August 27, 2024
        
        on
        
          Windows","84%
        (24)",Diagonal-down,MetroidvaniaPuzzle elementsRPG elements,Direct control,Fantasy,,
484,"March 12, 2021
        
        on
        
          Xbox One","79%
        (11)",3rd-person (Other)Side view,Puzzle elements,Point and select,Fantasy,Teen,
485,"December 2, 2020
        
        on
        
          Windows","82%
        (17)",3rd-person (Other),Graphic adventurePuzzle elements,Point and select,,Teen,
486,"February 26, 2021
        
        on
        
          Nintendo Switch","80%
        (21)",3rd-person (Other),,Direct control,Fantasy,Teen,
487,"July 9, 2021
        
        on
        
          Windows","81%
        (28)",3rd-person (Other),Japanese-style RPG (JRPG),Direct control,Fantasy,,Internet
488,"February 4, 2015
        
        on
        
          Windows","83%
        (46)",Side view,Tactical RPG,Point and select,Fantasy,,
489,"June 14, 2012
        
        on
        
          Xbox 360","80%
        (30)",1st-person,Visual novel,,,,
490,"April 27, 2018
        
        on
        
          Nintendo Switch","84%
        (9)",,,,,Teen,
491,"March 22, 2018
        
        on
        
          Nintendo Switch","82%
        (15)",Behind view,Hack and slash,Direct control,Fantasy,Teen,"Internet, 
              Same/Split-Screen"
492,"September 27, 2021
        
        on
        
          Arcade","81%
        (33)",Side view,ArcadeShooter,Direct control,Fantasy,,
493,"August 23, 2016
        
        on
        
          Windows","79%
        (52)",Side view,Artillery,Direct controlMultiple units/characters control,,,"Hot Seat, 
              Internet"
494,"March 16, 2022
        
        on
        
          Windows","85%
        (47)",Diagonal-down,MetroidvaniaPuzzle elements,Direct control,Fantasy,,
495,"January 17, 2019
        
        on
        
          PlayStation 4","84%
        (7)",,,,,,
496,"July 27, 2017
        
        on
        
          Windows","79%
        (40)",Side view,Graphic adventurePuzzle elements,Point and select,Fantasy,,
497,"February 21, 2017
        
        on
        
          Windows","82%
        (21)",Side view,Graphic adventure,,Fantasy,,
498,"June 2, 2021
        
        on
        
          Windows","86%
        (8)",1st-person3rd-person (Other)Side viewTop-down,Interactive fiction / text adventurePuzzle elements,Point and select,,,
499,"December 15, 2022
        
        on
        
          Windows","82%
        (31)",1st-personDiagonal-downSide view,Music / rhythm,Direct control,,,
500,"July 21, 2016
        
        on
        
          PS Vita","84%
        (23)",Behind view,Action RPGHack and slash,Direct control,Fantasy,Teen,
501,"October 16, 1997
        
        on
        
          PlayStation","82%
        (30)",3rd-person (Other)Top-down,,,FantasySci-fi / futuristic,,
502,"January 23, 2024
        
        on
        
          Windows","85%
        (31)",Side view,Puzzle elementsRPG elements,Point and select,Fantasy,,
503,"August 31, 2016
        
        on
        
          Windows","82%
        (11)",Diagonal-down,ArcadeShooter,,Sci-fi / futuristic,,Same/Split-Screen
504,"March 7, 2024
        
        on
        
          Windows","82%
        (32)",3rd-person (Other),,Direct control,Fantasy,,
505,"May 16, 2011
        
        on
        
          Windows","82%
        (55)",Side view,PlatformRPG elementsSandbox / open world,,Fantasy,,"Internet, 
              LAN"
506,"October 11, 2019
        
        on
        
          Windows","86%
        (6)",Side view,ArcadePlatform,Direct controlMultiple units/characters control,Fantasy,,
507,"August 6, 2014
        
        on
        
          Windows","85%
        (11)",Diagonal-down,Hack and slashRPG elements,,Fantasy,,
508,"January 12, 2023
        
        on
        
          Windows","80%
        (32)",Side view,MetroidvaniaPlatform,Direct control,Sci-fi / futuristic,,
509,"March 29, 2019
        
        on
        
          Nintendo Switch","81%
        (24)",3rd-person (Other)Side view,PlatformPuzzle elements,Direct control,Fantasy,Everyone,Same/Split-Screen
510,"November 1, 2016
        
        on
        
          Windows","85%
        (30)",Side view,MetroidvaniaPlatformPuzzle elements,Direct control,Fantasy,,
511,"November 1, 2009
        
        on
        
          PSP","87%
        (48)",Diagonal-down,Japanese-style RPG (JRPG),,,Mature,
512,"October 3, 2017
        
        on
        
          Windows","85%
        (10)",Top-down,,Direct control,,,
513,"July 24, 2018
        
        on
        
          Windows","86%
        (9)",Side view,Platform,,Sci-fi / futuristic,,
514,"1997
        
        on
        
          PlayStation","92%
        (116)",3rd-person (Other),Japanese-style RPG (JRPG),,Cyberpunk / dark sci-fiFantasySci-fi / futuristic,Teen,
515,"June 26, 2018
        
        on
        
          Windows","84%
        (22)",3rd-person (Other),,Direct control,,,
516,"November 20, 2020
        
        on
        
          Nintendo Switch","80%
        (29)",Behind view,Hack and slash,Direct control,Fantasy,Teen,Same/Split-Screen
517,"July 27, 2021
        
        on
        
          Windows","86%
        (22)",3rd-person (Other),Puzzle elements,,,,
518,"January 23, 2018
        
        on
        
          Windows","82%
        (43)",Side view,MetroidvaniaPlatform,,Sci-fi / futuristic,Teen,
519,"September 19, 2017
        
        on
        
          Windows","81%
        (26)",Side view,Beat 'em up / brawler,Direct control,,,Same/Split-Screen
520,"August 11, 2014
        
        on
        
          Windows","82%
        (10)",Top-down,,,,,
521,"January 10, 2019
        
        on
        
          Windows","84%
        (22)",3rd-person (Other),Action RPG,Direct control,Fantasy,,Same/Split-Screen
522,"February 27, 2018
        
        on
        
          Windows","87%
        (30)",Diagonal-down,RPG elementsTurn-based tactics (TBT),Point and select,Sci-fi / futuristic,,
523,"December 6, 2007
        
        on
        
          Wii","82%
        (103)",1st-personBehind view,Hack and slashQuick Time Events (QTEs),,,Mature,
524,"November 17, 2017
        
        on
        
          Nintendo Switch","82%
        (11)",Side view,PlatformShooter,,,Everyone 10+,
525,"September 19, 2019
        
        on
        
          iPhone","85%
        (14)",1st-person3rd-person (Other)Behind view,ArcadeFightingShooter,Direct control,Fantasy,,
526,"September 20, 2012
        
        on
        
          Windows","85%
        (136)",Diagonal-down,Action RPGHack and slash,Point and select,Fantasy,,LAN
527,"May 29, 2013
        
        on
        
          iPhone","84%
        (45)",1st-person,Puzzle elements,,,,
528,"June 21, 2023
        
        on
        
          Nintendo Switch","85%
        (5)",,,,,Everyone 10+,Same/Split-Screen
529,"January 31, 2022
        
        on
        
          iPhone","81%
        (19)",Top-down,Puzzle elements,Direct control,Fantasy,,
530,"May 5, 2022
        
        on
        
          Windows","82%
        (36)",Diagonal-down,,Menu structuresPoint and select,Cyberpunk / dark sci-fi,,
531,"April 22, 2021
        
        on
        
          Windows","82%
        (12)",,,,,,
532,"October 8, 2019
        
        on
        
          PlayStation 4","79%
        (53)",3rd-person (Other),Japanese-style RPG (JRPG),,Fantasy,Everyone 10+,
533,"August 27, 2024
        
        on
        
          Windows","84%
        (24)",Diagonal-down,MetroidvaniaPuzzle elementsRPG elements,Direct control,Fantasy,,
534,"March 12, 2021
        
        on
        
          Xbox One","79%
        (11)",3rd-person (Other)Side view,Puzzle elements,Point and select,Fantasy,Teen,
535,"December 2, 2020
        
        on
        
          Windows","82%
        (17)",3rd-person (Other),Graphic adventurePuzzle elements,Point and select,,Teen,
536,"February 26, 2021
        
        on
        
          Nintendo Switch","80%
        (21)",3rd-person (Other),,Direct control,Fantasy,Teen,
537,"July 9, 2021
        
        on
        
          Windows","81%
        (28)",3rd-person (Other),Japanese-style RPG (JRPG),Direct control,Fantasy,,Internet
538,"February 4, 2015
        
        on
        
          Windows","83%
        (46)",Side view,Tactical RPG,Point and select,Fantasy,,
539,"June 14, 2012
        
        on
        
          Xbox 360","80%
        (30)",1st-person,Visual novel,,,,
540,"April 27, 2018
        
        on
        
          Nintendo Switch","84%
        (9)",,,,,Teen,
541,"March 22, 2018
        
        on
        
          Nintendo Switch","82%
        (15)",Behind view,Hack and slash,Direct control,Fantasy,Teen,"Internet, 
              Same/Split-Screen"
542,"September 27, 2021
        
        on
        
          Arcade","81%
        (33)",Side view,ArcadeShooter,Direct control,Fantasy,,
543,"August 23, 2016
        
        on
        
          Windows","79%
        (52)",Side view,Artillery,Direct controlMultiple units/characters control,,,"Hot Seat, 
              Internet"
544,"March 16, 2022
        
        on
        
          Windows","85%
        (47)",Diagonal-down,MetroidvaniaPuzzle elements,Direct control,Fantasy,,
545,"January 17, 2019
        
        on
        
          PlayStation 4","84%
        (7)",,,,,,
546,"July 27, 2017
        
        on
        
          Windows","79%
        (40)",Side view,Graphic adventurePuzzle elements,Point and select,Fantasy,,
547,"February 21, 2017
        
        on
        
          Windows","82%
        (21)",Side view,Graphic adventure,,Fantasy,,
548,"June 2, 2021
        
        on
        
          Windows","86%
        (8)",1st-person3rd-person (Other)Side viewTop-down,Interactive fiction / text adventurePuzzle elements,Point and select,,,
549,"December 15, 2022
        
        on
        
          Windows","82%
        (31)",1st-personDiagonal-downSide view,Music / rhythm,Direct control,,,
